<?xml version="1.0" encoding="UTF-8"?>
<sharedobjects>
  <connection>
    <name>Trisano TX DS</name>
    <server/>
    <type>POSTGRESQL</type>
    <access>, </access>
    <database>WebTrisanoTXDS</database>
    <port>1521</port>
    <username/>
    <password>Encrypted </password>
    <servername/>
    <data_tablespace/>
    <index_tablespace/>
    <attributes>
      <attribute><code>FORCE_IDENTIFIERS_TO_LOWERCASE</code><attribute>N</attribute></attribute>
      <attribute><code>FORCE_IDENTIFIERS_TO_UPPERCASE</code><attribute>N</attribute></attribute>
      <attribute><code>IS_CLUSTERED</code><attribute>N</attribute></attribute>
      <attribute><code>PORT_NUMBER</code><attribute>1521</attribute></attribute>
      <attribute><code>PREFERRED_SCHEMA_NAME</code><attribute>trisano</attribute></attribute>
      <attribute><code>PRESERVE_RESERVED_WORD_CASE</code><attribute>N</attribute></attribute>
      <attribute><code>QUOTE_ALL_FIELDS</code><attribute>N</attribute></attribute>
      <attribute><code>SQL_CONNECT</code><attribute>set search_path to trisano&#x3b;</attribute></attribute>
      <attribute><code>SUPPORTS_BOOLEAN_DATA_TYPE</code><attribute>Y</attribute></attribute>
      <attribute><code>SUPPORTS_TIMESTAMP_DATA_TYPE</code><attribute>Y</attribute></attribute>
      <attribute><code>USE_POOLING</code><attribute>N</attribute></attribute>
    </attributes>
  </connection>

  <connection>
    <name>Trisano OLAP DS</name>
    <server/>
    <type>POSTGRESQL</type>
    <access>, </access>
    <database>TrisanoOLAPDS</database>
    <port>1521</port>
    <username/>
    <password>Encrypted </password>
    <servername/>
    <data_tablespace/>
    <index_tablespace/>
    <attributes>
      <attribute><code>FORCE_IDENTIFIERS_TO_LOWERCASE</code><attribute>N</attribute></attribute>
      <attribute><code>FORCE_IDENTIFIERS_TO_UPPERCASE</code><attribute>N</attribute></attribute>
      <attribute><code>IS_CLUSTERED</code><attribute>N</attribute></attribute>
      <attribute><code>PORT_NUMBER</code><attribute>1521</attribute></attribute>
      <attribute><code>PRESERVE_RESERVED_WORD_CASE</code><attribute>N</attribute></attribute>
      <attribute><code>QUOTE_ALL_FIELDS</code><attribute>N</attribute></attribute>
      <attribute><code>SUPPORTS_BOOLEAN_DATA_TYPE</code><attribute>Y</attribute></attribute>
      <attribute><code>SUPPORTS_TIMESTAMP_DATA_TYPE</code><attribute>Y</attribute></attribute>
      <attribute><code>USE_POOLING</code><attribute>N</attribute></attribute>
    </attributes>
  </connection>

</sharedobjects>
