<?xml version="1.0" encoding="UTF-8" standalone="yes"?>
<ns2:ExportManifest xmlns:ns2="http://www.pentaho.com/schema/">
    <ExportManifestInformation exportDate="24-11-2015 11:23:24 MST" exportBy="100999050" rootFolder="/public/UDOH/" manifestVersion="2"/>
    <ExportManifestEntity path="Weekly Infectious Diseases Surveillance Report.prpt">
        <ExportManifestProperty>
            <EntityMetaData name="Weekly Infectious Diseases Surveillance Report.prpt" createdDate="2015-10-14T18:09:54.906-06:00" isFolder="false" path="Weekly Infectious Diseases Surveillance Report.prpt" isHidden="false" locale="en_US" title="Weekly Infectious Diseases Surveillance Report"/>
        </ExportManifestProperty>
        <ExportManifestProperty>
            <EntityAcl>
                <entriesInheriting>true</entriesInheriting>
                <owner>100999050</owner>
                <ownerType>USER</ownerType>
            </EntityAcl>
        </ExportManifestProperty>
    </ExportManifestEntity>
</ns2:ExportManifest>
